Scarlett Hansen,32756211V,1977
Abbot Rhodes,28328981Q,1911
James Burgess,56574767R,2018
Aurora O'Neill,17528532T,2000
Donna Peters,87323323P,1933
Linda Davidson,83535232I,2016
Shoshana Walker,79599572O,1923
Amethyst Garrison,25255452J,1943
Paki Woodard,39545367Y,1944
Dennis Valenzuela,85262252I,1960
Richard Calderon,64681328T,1993
Brenna Bradley,61842243E,1929
Dale Williams,62655566X,1946
Tatiana Parrish,43859847Y,2004
Omar Tillman,67828474M,1952
Austin Oliver,38164559D,1996
Brandon Deleon,27875855I,1973
Burke Bright,58552875U,2006
Rhoda Porter,72847735S,2011
April Cameron,44774729C,1995
Hedwig Cole,53581787E,1979
Alexandra Nielsen,99275751L,1946
Zachary James,34285648R,2014
Lucian Marsh,68284459P,1946
Fiona Reyes,61876575P,1994
Micah Hubbard,29641591R,1902
Delilah York,58735636P,1973
Zenaida King,64536384U,1954
Justine Velazquez,87485675J,1948
Malcolm Simmons,64454857N,1981
Idona Camacho,23437564G,1934
Davis Ortiz,51485187X,1936
Reece Cummings,67899645P,1974
Charles Petty,51734357V,1917
Nicholas Cantu,23368323V,1961
Tanisha Townsend,23922285T,2004
Chantale Hooper,36677911P,1965
Branden Rojas,56236358U,1968
Xanthus Hartman,67178862D,1976
Hiram Brennan,52749535N,1931
Ethan Mcfarland,84981443W,1921
Unity Miranda,84981355Y,1957
Kirestin Mcmahon,98163787G,1938
Madeson Gamble,63637773V,1910
Alan Gross,29558546S,1935
Elizabeth Meyers,96537943B,2012
Zachery Humphrey,47438647Y,1965
Brenden Norris,91258574N,1937
Chaney Mckay,38653884L,1930
Cassandra Valentine,59297335V,2005
Nicole Cox,46746467J,1903
Price Lloyd,73748632H,1921
Marshall Aguirre,42275668W,1977
Gail Juarez,58437924B,1911
Solomon Warren,12835326O,1938
Alan Walsh,75562744G,1989
Amal O'Neill,33449687U,1958
Anika Dean,43618741F,1921
Tanner York,33957487K,1945
Vance Todd,82767459E,1920
Caesar Haynes,49949854V,1977
Magee Maldonado,77697652V,1930
Leigh Mosley,88552821E,1948
Hu Yates,18492763Y,1921
Kevyn Fisher,46859768J,1927
Hunter Valdez,32334451S,1977
Maite Holder,34419835M,1999
Cairo Pitts,76811534V,1936
Harper House,29645252U,1994
Alexander Rojas,78338546P,2003
Dana Hicks,93428527N,1976
Paul Edwards,72635663I,1905
Owen Clayton,33343875J,1994
Rose Pearson,44141256R,1939
Carissa Ramsey,46252255Y,1968
Athena Dixon,88188653N,1928
Kaitlin Morgan,46182495J,1914
Griffith Franklin,36621489W,1942
Jin Estrada,79765864K,1914
Xavier Carey,25476537Q,1908
Veda Hood,75376416J,1928
Kyra Moran,97175369K,1945
Iliana Petersen,38911775H,1951
Lani Chang,12448567A,1995
Hector Le,36185194W,1915
Carlos Jensen,64482552Y,1927
Jason Horton,24867251G,2001
Abra Short,54818489M,1947
Xaviera Craig,39326666R,1922
Beverly Golden,25683232K,1933
Marah Gardner,39222988Q,1990
Jeanette Jacobs,26275693Y,1931
Ciaran Meyers,87425385T,1934
Brent Carpenter,48835182R,1961
Susan Ryan,62339745X,1905
Brenna Maldonado,96883785D,1934
Jennifer Hall,77466648V,1980
Xanthus Fry,49336676K,1908
Veronica Rose,18552976L,2008
Joelle Paul,78374294B,1934
Rafael Harmon,74436725S,1998
Ima Spears,61112526Q,1912
Jonas Jackson,46313728A,1939
Cecilia Griffith,48745414P,1966
Finn Lloyd,28579816I,2018
Alyssa Smith,36546472X,1980
Stephanie Wise,65936713M,2002
Laith Gilliam,67768337H,1929
Xavier Deleon,34335424Q,1950
Janna Lucas,96784637K,1997
Clarke Clarke,93471382V,1962
Randall Roberson,53776356O,1945
Rhona Hanson,33865192Q,1904
Griffin Blake,84436776Q,1999
Kalia Rocha,33813366P,1960
Kyle Hampton,28669621C,1916
Cynthia Farrell,72218552E,2013
Kellie Wiley,39688169P,1911
Callie Lawson,22365483J,2009
Dai Mcdonald,94575572D,2004
Orla Moreno,97318846L,1962
Martena Riley,11525656D,1978
Sade Carey,91584163V,1936
Raphael Moreno,43532227P,2020
Levi Mcguire,25176568C,1951
Ramona Tillman,75428785N,1952
Lillian Murphy,89547738U,1936
Holmes Joyner,22223273C,1929
Merritt Navarro,47863374L,1988
Hamish Workman,47287246S,1916
Harding Strong,51827796L,2006
Tanya Vincent,56357777H,1914
Maia Porter,68668279T,1918
Valentine West,47287318R,1970
Jaden Steele,58953156U,1972
September Ferrell,79828898R,1979
Kylynn Whitaker,46396437T,1996
Alyssa Jordan,58893592E,1971
Anastasia Ortega,78637764I,2004
Jenette Colon,92169725S,1972
Aristotle Patton,86467417J,2002
Abraham Riggs,74988276X,1916
Kennedy Hinton,63714862B,1991
Theodore Preston,36485384B,1907
Ezra Frye,48383732I,2009
Mary Velasquez,34714575D,1951
Kai Baker,84888327F,1985
Levi Shepherd,15733661D,1915
Steel Williamson,43661636F,1994
Jane Berg,87912178H,1912
Robert Hill,16583552I,1902
Leslie Barlow,66862722G,1936
Scarlet Langley,51284489Y,2014
Sarah Daniel,65834197S,1947
Ainsley Pollard,62646748P,1948
Jordan Morales,92448311V,1967
Alice Carson,96474128F,1975
Demetria Colon,68647427O,1962
Victor Tanner,31832899B,1916
Jerome Tran,22674478Q,2018
Faith Strickland,76257642A,1910
Axel Medina,98439557K,1919
Ivory Burris,45142368Y,1952
Drew Wilkinson,87826444O,1919
Chaney Sharp,77361327V,1916
Alvin Dodson,78318427E,2021
Reagan Rhodes,73782152Y,1959
Hedy Benson,33226584X,1934
Robin Gay,35271357E,1965
Noble Henry,46887525G,1971
Rudyard Glass,73315881F,1927
Eve Mcbride,81546228T,1959
Zane Nash,16762254F,1953
Coby Franks,75816865F,1944
Dexter O'connor,67388431P,1957
Len Little,34431688G,1967
Quin Maldonado,33869754G,1926
Laith Baird,34645392S,1917
Raphael Weeks,72414766G,1906
Lester Garrison,53745525E,1926
Carson Rose,98757893G,1983
Jillian Raymond,94174828W,1992
Wing Bridges,32562523W,2008
Samuel Dalton,92568468I,1941
Bianca Albert,32717193Y,1925
Kennan Skinner,67126567D,1930
Constance Francis,54254238K,1904
Yoko Booker,88684676I,1931
Uta Bradshaw,75562787G,1988
Lars William,63623188B,1908
Owen Conner,35947528N,1984
Asher Mcintosh,39866189Y,2016
Garrison O'connor,76667415K,1933
Eric Brock,35327263X,1958
Robert Weber,75113861V,1918
Quail Blair,41658266S,1948
Mufutau Ochoa,44646768X,1952
Harriet Nieves,75676427P,1935
Colorado Hines,43362648Q,1926
Glenna Richmond,34369867Y,1923
Stacy Moreno,56868273S,1919
Hashim Kinney,41788513P,1901
Jerome Bishop,76574616N,1983
Sebastian Anthony,14997357Y,1905
Gannon Berg,49288229W,1942
Elmo Wilkins,37484976U,2004
Drew Holcomb,16337726J,1922
Murphy Noel,32234788S,1902
Eliana Davidson,47923836N,1932
Beck Conrad,66187254E,1909
Kenneth Saunders,58658568T,1941
Alana Holden,48477218E,1917
Rhiannon Roth,68746551O,1975
Olga Wolf,54735273P,1918
Brynne Stein,46488364V,1966
Jelani Goodwin,26169347X,1995
Jessica Ford,64858376P,1998
Deirdre Frederick,27223435J,1929
Maile Mercer,54712476P,1961
Darryl Warren,83949275L,1967
Caleb Maldonado,17835545X,2006
Declan Browning,58583814C,1968
Carol Washington,93842424G,1939
Burton Cantu,91842255L,1953
Joseph Rojas,22437453J,2000
Uma Valdez,87873538A,1902
Akeem Gross,48687364Q,2007
Hunter Vaughn,68713633L,1933
Lyle Bond,83573455X,1962
Owen Summers,13621145K,1927
Jermaine Velazquez,61528963X,1957
Murphy Whitley,16281753N,1947
Tana Blackburn,76324526B,1904
Kasimir Orr,47387643P,1967
Otto Cross,35649743M,1947
Carlos Oneil,45446897I,1989
Hollee Colon,19328716J,1934
Grant Brady,65787926Q,2018
Alan Rivera,51944574G,1939
Kirsten Chang,33466868O,1904
Megan Glenn,69613763V,1926
Jade Pearson,63649638J,2000
Acton Whitehead,74232523X,2017
Mark Wallace,72574442F,1940
Maisie Conway,72711456G,1919
Elizabeth Hutchinson,89228151U,1932
Eric Curry,38837884D,2015
Patricia Porter,21388859X,1945
Lacy Morrow,52787817S,1962
Lucas Romero,66729281H,1959
Indigo Willis,13835187M,1986
Larissa Velez,68169344E,2013
Callum Valdez,36875561H,1936
Omar Copeland,87491889U,1959
Robert Browning,64432849U,2009
Nayda Saunders,99664429N,1957
Jescie Hood,75817575C,1997
Honorato Moreno,64154295O,1936
Brady Adkins,63343265O,1918
Emery Mcgee,33388668N,1993
Patrick Bradford,46193739G,1982
Ferdinand Hooper,16624272C,2006
Rhiannon Parker,98445595B,1952
Lev Colon,93455826M,1923
Joseph Weaver,34894612L,1967
Paki Buckner,22855932W,1924
Kato Walls,68964832T,1905
Bethany Summers,18336921N,1928
Brian Morton,75437752W,1985
Grant Rutledge,23729421B,1936
Nathaniel Giles,69959662P,1989
Jack Green,54371382N,1960
Francesca Valentine,78924987I,1976
Evelyn Gardner,15749776S,2007
Cain Justice,31229889R,1994
Latifah Mason,38774365H,1950
Jerome Dixon,56643899F,1948
Nasim Dickerson,64796342B,1946
Beau Pate,35873125G,2006
Mallory Rollins,42812642T,2016
Fulton Pollard,33579787E,1924
Velma Dominguez,34129484R,1935
Preston Hines,44979376N,2016
Tanner Mathews,93478924Q,1992
Idona Witt,53795977O,2015
Amber Ellison,88475832Q,1999
Lysandra Burch,88917365Q,1986
Holmes Ortiz,83967747K,1992
Merrill Mejia,24264631B,1960
Emerson Hines,18672666I,1985
Sybil Moses,53842357L,2018
Guy Pena,47529486A,1991
Aurora Kim,64721756B,1992
Isaac Barnes,55938452O,2017
Amanda Massey,76466447B,1923
Wilma Hubbard,73184823O,1904
Keaton Johnston,46526726P,1960
Tana Winters,72578545U,1993
Wade Molina,82654922D,2010
Lamar Mathews,42552322N,1989
Quamar Valenzuela,65312955M,2015
Plato Jenkins,12479138F,2006
Josiah Short,86646326B,1964
Thor Stout,66173682A,2016
Octavius Summers,32849282Q,1964
Florence Nguyen,12772766R,1965
Abra Newman,48795128R,1909
Randall Hall,78461778E,1968
Yeo Gregory,68343812S,1921
Quon Atkins,26694756D,1973
Jocelyn Mitchell,24832826V,1962
Karleigh Schneider,58674462O,1903
Mariko Knight,83532853X,1967
Martha Henry,95915572E,1994
Constance Stafford,82455584H,1930
Christopher Conrad,25325967R,1961
Orson Rivera,48253251M,1991
Nasim Garner,82224677P,1919
Alden Trevino,28737542U,1906
Sandra Hayden,32626294M,1999
Charde Contreras,93173319B,1937
Adrienne Lewis,93266166T,1998
Salvador Dunn,99587574X,1904
Christen Barton,37317887Y,1991
Graiden Weber,79236376W,1952
Dylan Workman,26668277V,1981
Regan Shields,66474882O,1988
Rama Mcneil,17413668B,2018
Barrett Bradley,21722772K,1914
Keith Wynn,77434424X,1917
Zeph Flowers,52542216E,1987
Maxwell Davenport,57233866P,1947
Lane Whitfield,58537976I,1907
Jemima Hood,24719694C,2015
Jaquelyn Olsen,97218471X,2011
Gloria Burt,94977252P,1966
Medge Britt,88531699W,1956
Shannon Marsh,59467854W,1924
Duncan Hunt,82272721A,1906
Dalton Trujillo,86868554P,1923
Mari Wilkerson,36916745G,1954
Sydnee Carney,63876793X,1974
Xyla Neal,68689185C,1950
Desirae Adams,43864883Q,1947
Raven Daniel,95145386W,1965
Zeus Koch,46299465K,1987
Sopoline Brewer,38957477F,1971
Akeem Shepard,36729646X,1913
Rafael Butler,17316346D,1949
Zenia Skinner,36529598O,1939
Nelle Dominguez,98195813G,1942
Ina Mendez,92467858J,1953
Craig Manning,24758878W,1953
Tanek Holder,16851432B,1911
Destiny Lynn,44768427C,1909
Pamela Wade,95335443T,1922
Flavia Mcbride,35558647J,2013
Ocean Hooper,74448446C,1950
Stacey Bender,77594858N,1988
Fitzgerald Carpenter,91186363B,2011
Rebecca Abbott,24298256K,1949
Lacota Martin,44748966B,2007
Emerald Holder,74483697V,1917
Brennan Lang,95164297C,1980
Merrill Short,29355574O,1941
Zachary Rowland,16725482V,1961
Honorato Humphrey,85164781N,1972
Mufutau Vargas,76465838K,2003
Jeremy Barrera,35163665E,1981
Brett Mills,41811984P,1982
Troy Browning,96636176X,1981
Edward Pickett,43572385Z,2015
Dorian Thompson,86643666B,1943
Margaret Horne,49367423H,1948
Xenos Lamb,52478683M,2010
Barclay Aguilar,36731492V,1917
Lawrence Conrad,85487566P,1913
Timothy Hancock,73276641S,1970
Grace Moody,36675873H,2020
Abel Atkins,24687638V,1997
Judith Wells,27683438G,1910
Shea Anthony,63661765W,2009
Derek Bell,96536636R,1915
Mary Oneal,99746124S,1990
Upton Mckee,72616828J,1997
Nora Osborne,61367845I,2010
Brody Hull,37238139Y,1984
Bree Parker,55815753J,1923
Ezekiel Blackwell,58453778G,1917
Grace Ochoa,86488239E,1914
Kyle Wilkinson,37752724S,1938
Herrod Bailey,69243242G,2000
Dana Hawkins,98143534S,2000
Olivia Evans,61395471R,1959
Zoe Dunn,26939893Q,1947
Illana Edwards,33484475T,1994
Hayfa West,67451442K,1932
Chastity Powell,93227857P,1907
Xantha Torres,72194961F,1968
Zena Burks,54253228K,1926
Joelle Camacho,92947366J,1910
Teegan Carr,67121797E,2010
Nita Horne,28337368H,1956
Dorian Mccarthy,37792651M,1958
Honorato Patel,27184267K,1940
Myra Gay,47978518V,1976
Hedwig Simmons,18485371H,1990
Honorato Walton,28877677L,2017
Nichole Howe,85722553S,1949
Rogan Hinton,41265423S,1998
Wallace Carlson,45347515Y,1991
Delilah Osborn,36336287F,1983
Uriah Wong,66428532D,1972
Slade Gonzales,44158875Q,1953
Evangeline Bowers,14447387Y,1937
Fulton Cameron,56624759H,1980
Fuller Frazier,66277496D,1969
Ariana Coffey,14449689O,1917
Mariam Horn,57268476Q,1916
Amanda Allen,73743346F,1909
Julian Hogan,84539872H,1992
Ahmed Jenkins,43377172I,1940
Adrienne Munoz,42673153Z,1982
Dante Larson,51886962P,1930
Malcolm Grant,36275519K,1973
Caleb Baxter,63683854Z,1992
Violet Daniels,34239566P,1921
Olga Mason,97667541M,2006
Jason Orr,83422279X,2008
Vielka Mcclure,92258987W,1970
Justin Logan,89394984B,1913
Carly Mccormick,24553397Y,1932
Coby Hancock,53533873U,1905
Hayden Reyes,85933586V,1960
Maile Chapman,22793488G,1962
Alan Kidd,52332153K,1985
Burton Bolton,26653787Z,1924
Kessie Travis,93636869R,1907
Iliana Lott,39653353F,1965
Forrest Cooper,13253783L,1965
Piper Boyle,83972251J,1952
Courtney Hill,44411724K,2000
Denise Witt,24474435F,1921
Christine Schwartz,18667896F,1998
Ariana Page,83688517P,1956
Maggy Albert,33345663G,1925
Yoshio Alford,35618674R,1957
Clinton Griffin,68858283D,1919
Sydney Haney,17636345R,1993
Janna Ratliff,37253873R,1972
Tucker Scott,63933365E,1924
Fallon Trevino,49672379V,2003
Lee Hunt,34252526H,1945
Jerry Aguirre,62748463B,2017
Ethan Wise,42158967I,1994
Gloria Whitfield,68941422J,1939
Zeph Shepherd,23424214W,1935
Xanthus Dickerson,77496366B,1926
Vladimir Guerrero,55335252C,1978
Urielle Paul,76451231A,1941
Destiny Curry,23622236U,1938
Ulysses Wilson,24382762Z,1978
Joshua Flores,64269332B,1976
Bo Kirkland,37771245B,1942
Malachi Allen,55331445E,2014
Lamar Knight,24532791D,1915
Kaye Whitfield,66344664U,1983
Vernon Barlow,12436233B,1936
Bert Cooper,54175521E,1926
Talon Anthony,65842533X,2019
Linda Garrett,42263257N,1966
Pascale Hess,26465567Y,1932
Kathleen Nelson,43562428S,1979
Brennan Aguilar,28849825Y,1944
Judah Walker,84978267X,2008
Raja Higgins,54785516W,1925
Randall Bates,36871684D,1984
Keith Dale,27746829O,2020
Tamara Holman,36597324S,1965
Galvin Vargas,68686336R,1998
Moses Black,35776628R,1929
Ezekiel Conley,61183788O,1944
Nina Vaughn,94636946U,1971
Thaddeus Rivera,44583467M,2000
Dean Hancock,35779285O,1933
Maggie Rogers,28848441K,1984
Tamara Rasmussen,31476392V,1993
Quentin Branch,52249639I,1930
Lucian Bond,68733926X,2006
Hammett Morton,24529633S,2010
Odette Tucker,55263796R,1907
Blythe Mckee,48536584J,1990
Aristotle Knapp,63227877O,1912
Hammett Barry,35916811N,1982
Allegra French,44836566W,1943
Galena Quinn,63345769E,2015
Bianca Oneal,48286286O,1960
Tobias Wells,81862224R,2006
Plato Gates,86471635H,1941
Bertha Hebert,76791437M,1981
